{"errors":[],"warnings":[],"version":"2.3.0","hash":"ba9cbbb1c3c4fd36586f","time":554,"publicPath":"/","assetsByChunkName":{"main":["server.js","server.js.map"]},"assets":[{"name":"server.js","size":12493,"chunks":[0],"chunkNames":["main"],"emitted":true},{"name":"server.js.map","size":41191,"chunks":[0],"chunkNames":["main"],"emitted":true}],"entrypoints":{"main":{"chunks":[0],"assets":["server.js","server.js.map"]}},"chunks":[{"id":0,"rendered":true,"initial":true,"entry":true,"extraAsync":false,"size":22499,"names":["main"],"files":["server.js","server.js.map"],"hash":"73c61aad5282da29d712","parents":[],"origins":[{"moduleId":20,"module":"C:\\open-source\\marko-starter-kit\\node_modules\\babel-loader\\lib\\index.js!C:\\open-source\\marko-starter-kit\\src\\server.js","moduleIdentifier":"C:\\open-source\\marko-starter-kit\\node_modules\\babel-loader\\lib\\index.js!C:\\open-source\\marko-starter-kit\\src\\server.js","moduleName":"./src/server.js","loc":"","name":"main","reasons":[]}]}],"modules":[{"id":0,"identifier":"external \"marko/html\"","name":"external \"marko/html\"","index":10,"index2":7,"size":42,"cacheable":false,"built":false,"optional":false,"prefetched":false,"chunks":[0],"assets":[],"issuer":"C:\\open-source\\marko-starter-kit\\tools\\loaders\\marko-loader.js!C:\\open-source\\marko-starter-kit\\src\\routes\\home\\layout.marko","issuerId":25,"issuerName":"./src/routes/home/layout.marko","failed":false,"errors":0,"warnings":0,"reasons":[{"moduleId":5,"moduleIdentifier":"C:\\open-source\\marko-starter-kit\\tools\\loaders\\marko-loader.js!C:\\open-source\\marko-starter-kit\\src\\components\\app-footer\\index.marko","module":"./src/components/app-footer/index.marko","moduleName":"./src/components/app-footer/index.marko","type":"cjs require","userRequest":"marko/html","loc":"4:38-59"},{"moduleId":6,"moduleIdentifier":"C:\\open-source\\marko-starter-kit\\tools\\loaders\\marko-loader.js!C:\\open-source\\marko-starter-kit\\src\\components\\app-nav\\index.marko","module":"./src/components/app-nav/index.marko","moduleName":"./src/components/app-nav/index.marko","type":"cjs require","userRequest":"marko/html","loc":"4:38-59"},{"moduleId":7,"moduleIdentifier":"C:\\open-source\\marko-starter-kit\\tools\\loaders\\marko-loader.js!C:\\open-source\\marko-starter-kit\\src\\layouts\\default.marko","module":"./src/layouts/default.marko","moduleName":"./src/layouts/default.marko","type":"cjs require","userRequest":"marko/html","loc":"4:38-59"},{"moduleId":24,"moduleIdentifier":"C:\\open-source\\marko-starter-kit\\tools\\loaders\\marko-loader.js!C:\\open-source\\marko-starter-kit\\src\\routes\\home\\components\\app-main\\index.marko","module":"./src/routes/home/components/app-main/index.marko","moduleName":"./src/routes/home/components/app-main/index.marko","type":"cjs require","userRequest":"marko/html","loc":"4:38-59"},{"moduleId":25,"moduleIdentifier":"C:\\open-source\\marko-starter-kit\\tools\\loaders\\marko-loader.js!C:\\open-source\\marko-starter-kit\\src\\routes\\home\\layout.marko","module":"./src/routes/home/layout.marko","moduleName":"./src/routes/home/layout.marko","type":"cjs require","userRequest":"marko/html","loc":"4:38-59"},{"moduleId":26,"moduleIdentifier":"C:\\open-source\\marko-starter-kit\\tools\\loaders\\marko-loader.js!C:\\open-source\\marko-starter-kit\\src\\routes\\test\\components\\app-counter\\index.marko","module":"./src/routes/test/components/app-counter/index.marko","moduleName":"./src/routes/test/components/app-counter/index.marko","type":"cjs require","userRequest":"marko/html","loc":"4:38-59"},{"moduleId":27,"moduleIdentifier":"C:\\open-source\\marko-starter-kit\\tools\\loaders\\marko-loader.js!C:\\open-source\\marko-starter-kit\\src\\routes\\test\\components\\app-main\\index.marko","module":"./src/routes/test/components/app-main/index.marko","moduleName":"./src/routes/test/components/app-main/index.marko","type":"cjs require","userRequest":"marko/html","loc":"4:38-59"},{"moduleId":28,"moduleIdentifier":"C:\\open-source\\marko-starter-kit\\tools\\loaders\\marko-loader.js!C:\\open-source\\marko-starter-kit\\src\\routes\\test\\layout.marko","module":"./src/routes/test/layout.marko","moduleName":"./src/routes/test/layout.marko","type":"cjs require","userRequest":"marko/html","loc":"4:38-59"}],"usedExports":true,"providedExports":null,"depth":3},{"id":1,"identifier":"external \"marko/runtime/html/helpers\"","name":"external \"marko/runtime/html/helpers\"","index":13,"index2":9,"size":42,"cacheable":false,"built":false,"optional":false,"prefetched":false,"chunks":[0],"assets":[],"issuer":"C:\\open-source\\marko-starter-kit\\tools\\loaders\\marko-loader.js!C:\\open-source\\marko-starter-kit\\src\\routes\\home\\layout.marko","issuerId":25,"issuerName":"./src/routes/home/layout.marko","failed":false,"errors":0,"warnings":0,"reasons":[{"moduleId":6,"moduleIdentifier":"C:\\open-source\\marko-starter-kit\\tools\\loaders\\marko-loader.js!C:\\open-source\\marko-starter-kit\\src\\components\\app-nav\\index.marko","module":"./src/components/app-nav/index.marko","moduleName":"./src/components/app-nav/index.marko","type":"cjs require","userRequest":"marko/runtime/html/helpers","loc":"5:20-57"},{"moduleId":7,"moduleIdentifier":"C:\\open-source\\marko-starter-kit\\tools\\loaders\\marko-loader.js!C:\\open-source\\marko-starter-kit\\src\\layouts\\default.marko","module":"./src/layouts/default.marko","moduleName":"./src/layouts/default.marko","type":"cjs require","userRequest":"marko/runtime/html/helpers","loc":"5:20-57"},{"moduleId":24,"moduleIdentifier":"C:\\open-source\\marko-starter-kit\\tools\\loaders\\marko-loader.js!C:\\open-source\\marko-starter-kit\\src\\routes\\home\\components\\app-main\\index.marko","module":"./src/routes/home/components/app-main/index.marko","moduleName":"./src/routes/home/components/app-main/index.marko","type":"cjs require","userRequest":"marko/runtime/html/helpers","loc":"12:20-57"},{"moduleId":25,"moduleIdentifier":"C:\\open-source\\marko-starter-kit\\tools\\loaders\\marko-loader.js!C:\\open-source\\marko-starter-kit\\src\\routes\\home\\layout.marko","module":"./src/routes/home/layout.marko","moduleName":"./src/routes/home/layout.marko","type":"cjs require","userRequest":"marko/runtime/html/helpers","loc":"7:20-57"},{"moduleId":26,"moduleIdentifier":"C:\\open-source\\marko-starter-kit\\tools\\loaders\\marko-loader.js!C:\\open-source\\marko-starter-kit\\src\\routes\\test\\components\\app-counter\\index.marko","module":"./src/routes/test/components/app-counter/index.marko","moduleName":"./src/routes/test/components/app-counter/index.marko","type":"cjs require","userRequest":"marko/runtime/html/helpers","loc":"5:20-57"},{"moduleId":27,"moduleIdentifier":"C:\\open-source\\marko-starter-kit\\tools\\loaders\\marko-loader.js!C:\\open-source\\marko-starter-kit\\src\\routes\\test\\components\\app-main\\index.marko","module":"./src/routes/test/components/app-main/index.marko","moduleName":"./src/routes/test/components/app-main/index.marko","type":"cjs require","userRequest":"marko/runtime/html/helpers","loc":"13:20-57"},{"moduleId":28,"moduleIdentifier":"C:\\open-source\\marko-starter-kit\\tools\\loaders\\marko-loader.js!C:\\open-source\\marko-starter-kit\\src\\routes\\test\\layout.marko","module":"./src/routes/test/layout.marko","moduleName":"./src/routes/test/layout.marko","type":"cjs require","userRequest":"marko/runtime/html/helpers","loc":"7:20-57"}],"usedExports":true,"providedExports":null,"depth":3},{"id":2,"identifier":"external \"marko/runtime/helper-loadTemplate\"","name":"external \"marko/runtime/helper-loadTemplate\"","index":11,"index2":8,"size":42,"cacheable":false,"built":false,"optional":false,"prefetched":false,"chunks":[0],"assets":[],"issuer":"C:\\open-source\\marko-starter-kit\\tools\\loaders\\marko-loader.js!C:\\open-source\\marko-starter-kit\\src\\routes\\home\\layout.marko","issuerId":25,"issuerName":"./src/routes/home/layout.marko","failed":false,"errors":0,"warnings":0,"reasons":[{"moduleId":25,"moduleIdentifier":"C:\\open-source\\marko-starter-kit\\tools\\loaders\\marko-loader.js!C:\\open-source\\marko-starter-kit\\src\\routes\\home\\layout.marko","module":"./src/routes/home/layout.marko","moduleName":"./src/routes/home/layout.marko","type":"cjs require","userRequest":"marko/runtime/helper-loadTemplate","loc":"5:25-69"},{"moduleId":27,"moduleIdentifier":"C:\\open-source\\marko-starter-kit\\tools\\loaders\\marko-loader.js!C:\\open-source\\marko-starter-kit\\src\\routes\\test\\components\\app-main\\index.marko","module":"./src/routes/test/components/app-main/index.marko","moduleName":"./src/routes/test/components/app-main/index.marko","type":"cjs require","userRequest":"marko/runtime/helper-loadTemplate","loc":"16:25-69"},{"moduleId":28,"moduleIdentifier":"C:\\open-source\\marko-starter-kit\\tools\\loaders\\marko-loader.js!C:\\open-source\\marko-starter-kit\\src\\routes\\test\\layout.marko","module":"./src/routes/test/layout.marko","moduleName":"./src/routes/test/layout.marko","type":"cjs require","userRequest":"marko/runtime/helper-loadTemplate","loc":"5:25-69"}],"usedExports":true,"providedExports":null,"depth":3},{"id":3,"identifier":"external \"marko/taglibs/core/include-tag\"","name":"external \"marko/taglibs/core/include-tag\"","index":14,"index2":10,"size":42,"cacheable":false,"built":false,"optional":false,"prefetched":false,"chunks":[0],"assets":[],"issuer":"C:\\open-source\\marko-starter-kit\\tools\\loaders\\marko-loader.js!C:\\open-source\\marko-starter-kit\\src\\routes\\home\\layout.marko","issuerId":25,"issuerName":"./src/routes/home/layout.marko","failed":false,"errors":0,"warnings":0,"reasons":[{"moduleId":7,"moduleIdentifier":"C:\\open-source\\marko-starter-kit\\tools\\loaders\\marko-loader.js!C:\\open-source\\marko-starter-kit\\src\\layouts\\default.marko","module":"./src/layouts/default.marko","moduleName":"./src/layouts/default.marko","type":"cjs require","userRequest":"marko/taglibs/core/include-tag","loc":"7:32-73"},{"moduleId":25,"moduleIdentifier":"C:\\open-source\\marko-starter-kit\\tools\\loaders\\marko-loader.js!C:\\open-source\\marko-starter-kit\\src\\routes\\home\\layout.marko","module":"./src/routes/home/layout.marko","moduleName":"./src/routes/home/layout.marko","type":"cjs require","userRequest":"marko/taglibs/core/include-tag","loc":"16:32-73"},{"moduleId":28,"moduleIdentifier":"C:\\open-source\\marko-starter-kit\\tools\\loaders\\marko-loader.js!C:\\open-source\\marko-starter-kit\\src\\routes\\test\\layout.marko","module":"./src/routes/test/layout.marko","moduleName":"./src/routes/test/layout.marko","type":"cjs require","userRequest":"marko/taglibs/core/include-tag","loc":"16:32-73"}],"usedExports":true,"providedExports":null,"depth":3},{"id":4,"identifier":"C:\\open-source\\marko-starter-kit\\node_modules\\babel-loader\\lib\\index.js!C:\\open-source\\marko-starter-kit\\src\\assets-loader.js","name":"./src/assets-loader.js","index":23,"index2":22,"size":340,"cacheable":true,"built":true,"optional":false,"prefetched":false,"chunks":[0],"assets":[],"issuer":"C:\\open-source\\marko-starter-kit\\node_modules\\babel-loader\\lib\\index.js!C:\\open-source\\marko-starter-kit\\src\\routes\\test\\index.js","issuerId":11,"issuerName":"./src/routes/test/index.js","failed":false,"errors":0,"warnings":0,"reasons":[{"moduleId":10,"moduleIdentifier":"C:\\open-source\\marko-starter-kit\\node_modules\\babel-loader\\lib\\index.js!C:\\open-source\\marko-starter-kit\\src\\routes\\home\\index.js","module":"./src/routes/home/index.js","moduleName":"./src/routes/home/index.js","type":"cjs require","userRequest":"../../assets-loader","loc":"21:20-50"},{"moduleId":11,"moduleIdentifier":"C:\\open-source\\marko-starter-kit\\node_modules\\babel-loader\\lib\\index.js!C:\\open-source\\marko-starter-kit\\src\\routes\\test\\index.js","module":"./src/routes/test/index.js","moduleName":"./src/routes/test/index.js","type":"cjs require","userRequest":"../../assets-loader","loc":"21:20-50"}],"usedExports":true,"providedExports":null,"depth":2,"source":"'use strict';\n\nObject.defineProperty(exports, \"__esModule\", {\n  value: true\n});\n\nvar _assets = require('./assets.json');\n\nvar _assets2 = _interopRequireDefault(_assets);\n\nfunction _interopRequireDefault(obj) { return obj && obj.__esModule ? obj : { default: obj }; }\n\nexports.default = _assets2.default;\nmodule.exports = exports['default'];"},{"id":5,"identifier":"C:\\open-source\\marko-starter-kit\\tools\\loaders\\marko-loader.js!C:\\open-source\\marko-starter-kit\\src\\components\\app-footer\\index.marko","name":"./src/components/app-footer/index.marko","index":22,"index2":19,"size":382,"cacheable":true,"built":true,"optional":false,"prefetched":false,"chunks":[0],"assets":[],"issuer":"C:\\open-source\\marko-starter-kit\\tools\\loaders\\marko-loader.js!C:\\open-source\\marko-starter-kit\\src\\routes\\home\\layout.marko","issuerId":25,"issuerName":"./src/routes/home/layout.marko","failed":false,"errors":0,"warnings":0,"reasons":[{"moduleId":25,"moduleIdentifier":"C:\\open-source\\marko-starter-kit\\tools\\loaders\\marko-loader.js!C:\\open-source\\marko-starter-kit\\src\\routes\\home\\layout.marko","module":"./src/routes/home/layout.marko","moduleName":"./src/routes/home/layout.marko","type":"require.resolve","userRequest":"../../components/app-footer/index.marko","loc":"14:45-103"},{"moduleId":28,"moduleIdentifier":"C:\\open-source\\marko-starter-kit\\tools\\loaders\\marko-loader.js!C:\\open-source\\marko-starter-kit\\src\\routes\\test\\layout.marko","module":"./src/routes/test/layout.marko","moduleName":"./src/routes/test/layout.marko","type":"require.resolve","userRequest":"../../components/app-footer/index.marko","loc":"14:45-103"}],"usedExports":true,"providedExports":null,"depth":3,"source":"// Compiled using marko@4.1.2 - DO NOT EDIT\n\"use strict\";\n\nvar marko_template = module.exports = require(\"marko/html\").t(__filename);\n\nfunction render(input, out) {\n  var data = input;\n\n  out.w(\"<footer class=\\\"footer\\\"><div class=\\\"container\\\"><p class=\\\"text-muted\\\">Place sticky footer content here.</p></div></footer>\");\n}\n\nmarko_template._ = render;\n\nmarko_template.meta = {};\n"},{"id":6,"identifier":"C:\\open-source\\marko-starter-kit\\tools\\loaders\\marko-loader.js!C:\\open-source\\marko-starter-kit\\src\\components\\app-nav\\index.marko","name":"./src/components/app-nav/index.marko","index":17,"index2":14,"size":1764,"cacheable":true,"built":true,"optional":false,"prefetched":false,"chunks":[0],"assets":[],"issuer":"C:\\open-source\\marko-starter-kit\\tools\\loaders\\marko-loader.js!C:\\open-source\\marko-starter-kit\\src\\routes\\home\\layout.marko","issuerId":25,"issuerName":"./src/routes/home/layout.marko","failed":false,"errors":0,"warnings":0,"reasons":[{"moduleId":25,"moduleIdentifier":"C:\\open-source\\marko-starter-kit\\tools\\loaders\\marko-loader.js!C:\\open-source\\marko-starter-kit\\src\\routes\\home\\layout.marko","module":"./src/routes/home/layout.marko","moduleName":"./src/routes/home/layout.marko","type":"require.resolve","userRequest":"../../components/app-nav/index.marko","loc":"9:42-97"},{"moduleId":28,"moduleIdentifier":"C:\\open-source\\marko-starter-kit\\tools\\loaders\\marko-loader.js!C:\\open-source\\marko-starter-kit\\src\\routes\\test\\layout.marko","module":"./src/routes/test/layout.marko","moduleName":"./src/routes/test/layout.marko","type":"require.resolve","userRequest":"../../components/app-nav/index.marko","loc":"9:42-97"}],"usedExports":true,"providedExports":null,"depth":3,"source":"// Compiled using marko@4.1.2 - DO NOT EDIT\n\"use strict\";\n\nvar marko_template = module.exports = require(\"marko/html\").t(__filename),\n    marko_helpers = require(\"marko/runtime/html/helpers\"),\n    marko_escapeXml = marko_helpers.x;\n\nfunction render(input, out) {\n  var data = input;\n\n  out.w(\"<nav class=\\\"navbar navbar-default navbar-fixed-top\\\"><div class=\\\"container\\\"><div class=\\\"navbar-header\\\"><button type=\\\"button\\\" class=\\\"navbar-toggle collapsed\\\" data-toggle=\\\"collapse\\\" data-target=\\\"#navbar\\\" aria-expanded=\\\"false\\\" aria-controls=\\\"navbar\\\"><span class=\\\"sr-only\\\">Toggle navigation</span><span class=\\\"icon-bar\\\"></span><span class=\\\"icon-bar\\\"></span><span class=\\\"icon-bar\\\"></span></button><a class=\\\"navbar-brand\\\" href=\\\"javascript:;\\\">Marko Starter Kit</a></div><div id=\\\"navbar\\\" class=\\\"navbar-collapse collapse\\\"><ul class=\\\"nav navbar-nav\\\"><li class=\\\"active\\\"><a href=\\\"/\\\">Home</a></li><li><a href=\\\"/test\\\">Tests</a></li><li class=\\\"dropdown\\\"><a href=\\\"javascript:;\\\" class=\\\"dropdown-toggle\\\" data-toggle=\\\"dropdown\\\" role=\\\"button\\\" aria-haspopup=\\\"true\\\" aria-expanded=\\\"false\\\">Dropdown <span class=\\\"caret\\\"></span></a><ul class=\\\"dropdown-menu\\\"><li><a href=\\\"javascript:;\\\">Action</a></li><li><a href=\\\"javascript:;\\\">Another action</a></li><li><a href=\\\"javascript:;\\\">Something else here</a></li><li role=\\\"separator\\\" class=\\\"divider\\\"></li><li class=\\\"dropdown-header\\\">Nav header</li><li><a href=\\\"javascript:;\\\">Separated link</a></li><li><a href=\\\"javascript:;\\\">One more separated link</a></li></ul></li></ul><ul class=\\\"nav navbar-nav navbar-right\\\"><li><a href=\\\"javascript:;\\\">\" +\n    marko_escapeXml(input.email) +\n    \"</a></li></ul></div></div></nav>\");\n}\n\nmarko_template._ = render;\n\nmarko_template.meta = {};\n"},{"id":7,"identifier":"C:\\open-source\\marko-starter-kit\\tools\\loaders\\marko-loader.js!C:\\open-source\\marko-starter-kit\\src\\layouts\\default.marko","name":"./src/layouts/default.marko","index":12,"index2":13,"size":1295,"cacheable":true,"built":true,"optional":false,"prefetched":false,"chunks":[0],"assets":[],"issuer":"C:\\open-source\\marko-starter-kit\\tools\\loaders\\marko-loader.js!C:\\open-source\\marko-starter-kit\\src\\routes\\home\\layout.marko","issuerId":25,"issuerName":"./src/routes/home/layout.marko","failed":false,"errors":0,"warnings":0,"reasons":[{"moduleId":25,"moduleIdentifier":"C:\\open-source\\marko-starter-kit\\tools\\loaders\\marko-loader.js!C:\\open-source\\marko-starter-kit\\src\\routes\\home\\layout.marko","module":"./src/routes/home/layout.marko","moduleName":"./src/routes/home/layout.marko","type":"require.resolve","userRequest":"../../layouts/default.marko","loc":"6:42-88"},{"moduleId":28,"moduleIdentifier":"C:\\open-source\\marko-starter-kit\\tools\\loaders\\marko-loader.js!C:\\open-source\\marko-starter-kit\\src\\routes\\test\\layout.marko","module":"./src/routes/test/layout.marko","moduleName":"./src/routes/test/layout.marko","type":"require.resolve","userRequest":"../../layouts/default.marko","loc":"6:42-88"}],"usedExports":true,"providedExports":null,"depth":3,"source":"// Compiled using marko@4.1.2 - DO NOT EDIT\n\"use strict\";\n\nvar marko_template = module.exports = require(\"marko/html\").t(__filename),\n    marko_helpers = require(\"marko/runtime/html/helpers\"),\n    marko_loadTag = marko_helpers.t,\n    include_tag = marko_loadTag(require(\"marko/taglibs/core/include-tag\")),\n    await_reorderer_tag = marko_loadTag(require(\"marko/taglibs/async/await-reorderer-tag\")),\n    init_components_tag = marko_loadTag(require(\"marko/components/taglib/init-components-tag\"));\n\nfunction render(input, out) {\n  var data = input;\n\n  out.w(\"<!DOCTYPE html><html lang=\\\"en\\\"><head><meta charset=\\\"utf-8\\\"><meta name=\\\"viewport\\\" content=\\\"width=device-width, initial-scale=1\\\"><title>\");\n\n  include_tag({\n      _target: input.title\n    }, out);\n\n  out.w(\"</title>\");\n\n  include_tag({\n      _target: input.styles\n    }, out);\n\n  out.w(\"</head><body>\");\n\n  include_tag({\n      _target: input.body\n    }, out);\n\n  include_tag({\n      _target: input.scripts\n    }, out);\n\n  await_reorderer_tag({}, out);\n\n  init_components_tag({}, out);\n\n  out.w(\"</body></html>\");\n}\n\nmarko_template._ = render;\n\nmarko_template.meta = {\n    tags: [\n      \"marko/taglibs/core/include-tag\",\n      \"marko/taglibs/async/await-reorderer-tag\",\n      \"marko/components/taglib/init-components-tag\"\n    ]\n  };\n"},{"id":8,"identifier":"external \"marko/components\"","name":"external \"marko/components\"","index":19,"index2":15,"size":42,"cacheable":false,"built":false,"optional":false,"prefetched":false,"chunks":[0],"assets":[],"issuer":"C:\\open-source\\marko-starter-kit\\tools\\loaders\\marko-loader.js!C:\\open-source\\marko-starter-kit\\src\\routes\\home\\components\\app-main\\index.marko","issuerId":24,"issuerName":"./src/routes/home/components/app-main/index.marko","failed":false,"errors":0,"warnings":0,"reasons":[{"moduleId":24,"moduleIdentifier":"C:\\open-source\\marko-starter-kit\\tools\\loaders\\marko-loader.js!C:\\open-source\\marko-starter-kit\\src\\routes\\home\\components\\app-main\\index.marko","module":"./src/routes/home/components/app-main/index.marko","moduleName":"./src/routes/home/components/app-main/index.marko","type":"cjs require","userRequest":"marko/components","loc":"5:23-50"},{"moduleId":27,"moduleIdentifier":"C:\\open-source\\marko-starter-kit\\tools\\loaders\\marko-loader.js!C:\\open-source\\marko-starter-kit\\src\\routes\\test\\components\\app-main\\index.marko","module":"./src/routes/test/components/app-main/index.marko","moduleName":"./src/routes/test/components/app-main/index.marko","type":"cjs require","userRequest":"marko/components","loc":"5:23-50"}],"usedExports":true,"providedExports":null,"depth":4},{"id":9,"identifier":"C:\\open-source\\marko-starter-kit\\node_modules\\babel-loader\\lib\\index.js!C:\\open-source\\marko-starter-kit\\src\\core\\context.js","name":"./src/core/context.js","index":6,"index2":5,"size":1126,"cacheable":true,"built":true,"optional":false,"prefetched":false,"chunks":[0],"assets":[],"issuer":"C:\\open-source\\marko-starter-kit\\node_modules\\babel-loader\\lib\\index.js!C:\\open-source\\marko-starter-kit\\src\\server.js","issuerId":20,"issuerName":"./src/server.js","failed":false,"errors":0,"warnings":0,"reasons":[{"moduleId":20,"moduleIdentifier":"C:\\open-source\\marko-starter-kit\\node_modules\\babel-loader\\lib\\index.js!C:\\open-source\\marko-starter-kit\\src\\server.js","module":"./src/server.js","moduleName":"./src/server.js","type":"cjs require","userRequest":"./core/context","loc":"21:15-40"}],"usedExports":true,"providedExports":null,"depth":1,"source":"\"use strict\";\n\nObject.defineProperty(exports, \"__esModule\", {\n  value: true\n});\n\nvar _createClass = function () { function defineProperties(target, props) { for (var i = 0; i < props.length; i++) { var descriptor = props[i]; descriptor.enumerable = descriptor.enumerable || false; descriptor.configurable = true; if (\"value\" in descriptor) descriptor.writable = true; Object.defineProperty(target, descriptor.key, descriptor); } } return function (Constructor, protoProps, staticProps) { if (protoProps) defineProperties(Constructor.prototype, protoProps); if (staticProps) defineProperties(Constructor, staticProps); return Constructor; }; }();\n\nfunction _classCallCheck(instance, Constructor) { if (!(instance instanceof Constructor)) { throw new TypeError(\"Cannot call a class as a function\"); } }\n\nvar _class = function () {\n  function _class() {\n    _classCallCheck(this, _class);\n  }\n\n  _createClass(_class, [{\n    key: \"assign\",\n    value: function assign(object) {\n      Object.assign(this, object);\n      return this;\n    }\n  }]);\n\n  return _class;\n}();\n\nexports.default = _class;\nmodule.exports = exports[\"default\"];"},{"id":10,"identifier":"C:\\open-source\\marko-starter-kit\\node_modules\\babel-loader\\lib\\index.js!C:\\open-source\\marko-starter-kit\\src\\routes\\home\\index.js","name":"./src/routes/home/index.js","index":8,"index2":23,"size":691,"cacheable":true,"built":true,"optional":false,"prefetched":false,"chunks":[0],"assets":[],"issuer":"C:\\open-source\\marko-starter-kit\\node_modules\\babel-loader\\lib\\index.js!C:\\open-source\\marko-starter-kit\\src\\server.js","issuerId":20,"issuerName":"./src/server.js","failed":false,"errors":0,"warnings":0,"reasons":[{"moduleId":20,"moduleIdentifier":"C:\\open-source\\marko-starter-kit\\node_modules\\babel-loader\\lib\\index.js!C:\\open-source\\marko-starter-kit\\src\\server.js","module":"./src/server.js","moduleName":"./src/server.js","type":"cjs require","userRequest":"./routes/home","loc":"49:13-37"}],"usedExports":true,"providedExports":null,"depth":1,"source":"'use strict';\n\nObject.defineProperty(exports, \"__esModule\", {\n  value: true\n});\n\nexports.default = function (req, res) {\n\n  var context = req.context.assign({\n    assets: _assetsLoader2.default.home, //NOTE: please take note on entry-settings.js, the \"home\" arrtibute is from there\n    initCount: 10\n  });\n\n  res.marko(_layout2.default, context);\n};\n\nvar _layout = require('./layout.marko');\n\nvar _layout2 = _interopRequireDefault(_layout);\n\nvar _assetsLoader = require('../../assets-loader');\n\nvar _assetsLoader2 = _interopRequireDefault(_assetsLoader);\n\nfunction _interopRequireDefault(obj) { return obj && obj.__esModule ? obj : { default: obj }; }\n\n;\nmodule.exports = exports['default'];"},{"id":11,"identifier":"C:\\open-source\\marko-starter-kit\\node_modules\\babel-loader\\lib\\index.js!C:\\open-source\\marko-starter-kit\\src\\routes\\test\\index.js","name":"./src/routes/test/index.js","index":25,"index2":30,"size":609,"cacheable":true,"built":true,"optional":false,"prefetched":false,"chunks":[0],"assets":[],"issuer":"C:\\open-source\\marko-starter-kit\\node_modules\\babel-loader\\lib\\index.js!C:\\open-source\\marko-starter-kit\\src\\server.js","issuerId":20,"issuerName":"./src/server.js","failed":false,"errors":0,"warnings":0,"reasons":[{"moduleId":20,"moduleIdentifier":"C:\\open-source\\marko-starter-kit\\node_modules\\babel-loader\\lib\\index.js!C:\\open-source\\marko-starter-kit\\src\\server.js","module":"./src/server.js","moduleName":"./src/server.js","type":"cjs require","userRequest":"./routes/test","loc":"50:17-41"}],"usedExports":true,"providedExports":null,"depth":1,"source":"'use strict';\n\nObject.defineProperty(exports, \"__esModule\", {\n  value: true\n});\n\nexports.default = function (req, res) {\n\n  var context = req.context.assign({\n    assets: _assetsLoader2.default.test,\n    initCount: 10\n  });\n\n  res.marko(_layout2.default, context);\n};\n\nvar _layout = require('./layout.marko');\n\nvar _layout2 = _interopRequireDefault(_layout);\n\nvar _assetsLoader = require('../../assets-loader');\n\nvar _assetsLoader2 = _interopRequireDefault(_assetsLoader);\n\nfunction _interopRequireDefault(obj) { return obj && obj.__esModule ? obj : { default: obj }; }\n\n;\nmodule.exports = exports['default'];"},{"id":12,"identifier":"C:\\open-source\\marko-starter-kit\\tools\\config.js","name":"./tools/config.js","index":7,"index2":6,"size":391,"cacheable":true,"built":true,"optional":false,"prefetched":false,"chunks":[0],"assets":[],"issuer":"C:\\open-source\\marko-starter-kit\\node_modules\\babel-loader\\lib\\index.js!C:\\open-source\\marko-starter-kit\\src\\server.js","issuerId":20,"issuerName":"./src/server.js","failed":false,"errors":0,"warnings":0,"reasons":[{"moduleId":20,"moduleIdentifier":"C:\\open-source\\marko-starter-kit\\node_modules\\babel-loader\\lib\\index.js!C:\\open-source\\marko-starter-kit\\src\\server.js","module":"./src/server.js","moduleName":"./src/server.js","type":"cjs require","userRequest":"../tools/config","loc":"25:14-40"}],"usedExports":true,"providedExports":["default"],"depth":1,"source":"/**\n * Created by JP on 2017/3/20.\n */\n\nconst shared = {\n  dist: 'build',\n  frontPort: 3000, //front-end port, browser-sync start port\n  backendPort: 9000 //exporess server port\n};\n\nconst config = {\n  dev: {\n    publicPath: 'http://localhost:' + shared.frontPort + '/'\n  },\n\n  prod: {\n    publicPath: '//cache.YourCDN.com/' //For CDN\n  }\n};\n\nexport default Object.assign({}, shared, config)\n"},{"id":13,"identifier":"external \"compression\"","name":"external \"compression\"","index":3,"index2":2,"size":42,"cacheable":false,"built":false,"optional":false,"prefetched":false,"chunks":[0],"assets":[],"issuer":"C:\\open-source\\marko-starter-kit\\node_modules\\babel-loader\\lib\\index.js!C:\\open-source\\marko-starter-kit\\src\\server.js","issuerId":20,"issuerName":"./src/server.js","failed":false,"errors":0,"warnings":0,"reasons":[{"moduleId":20,"moduleIdentifier":"C:\\open-source\\marko-starter-kit\\node_modules\\babel-loader\\lib\\index.js!C:\\open-source\\marko-starter-kit\\src\\server.js","module":"./src/server.js","moduleName":"./src/server.js","type":"cjs require","userRequest":"compression","loc":"9:19-41"}],"usedExports":true,"providedExports":null,"depth":1},{"id":14,"identifier":"external \"express\"","name":"external \"express\"","index":2,"index2":1,"size":42,"cacheable":false,"built":false,"optional":false,"prefetched":false,"chunks":[0],"assets":[],"issuer":"C:\\open-source\\marko-starter-kit\\node_modules\\babel-loader\\lib\\index.js!C:\\open-source\\marko-starter-kit\\src\\server.js","issuerId":20,"issuerName":"./src/server.js","failed":false,"errors":0,"warnings":0,"reasons":[{"moduleId":20,"moduleIdentifier":"C:\\open-source\\marko-starter-kit\\node_modules\\babel-loader\\lib\\index.js!C:\\open-source\\marko-starter-kit\\src\\server.js","module":"./src/server.js","moduleName":"./src/server.js","type":"cjs require","userRequest":"express","loc":"5:15-33"}],"usedExports":true,"providedExports":null,"depth":1},{"id":15,"identifier":"external \"helmet\"","name":"external \"helmet\"","index":5,"index2":4,"size":42,"cacheable":false,"built":false,"optional":false,"prefetched":false,"chunks":[0],"assets":[],"issuer":"C:\\open-source\\marko-starter-kit\\node_modules\\babel-loader\\lib\\index.js!C:\\open-source\\marko-starter-kit\\src\\server.js","issuerId":20,"issuerName":"./src/server.js","failed":false,"errors":0,"warnings":0,"reasons":[{"moduleId":20,"moduleIdentifier":"C:\\open-source\\marko-starter-kit\\node_modules\\babel-loader\\lib\\index.js!C:\\open-source\\marko-starter-kit\\src\\server.js","module":"./src/server.js","moduleName":"./src/server.js","type":"cjs require","userRequest":"helmet","loc":"17:14-31"}],"usedExports":true,"providedExports":null,"depth":1},{"id":16,"identifier":"external \"marko/express\"","name":"external \"marko/express\"","index":1,"index2":0,"size":42,"cacheable":false,"built":false,"optional":false,"prefetched":false,"chunks":[0],"assets":[],"issuer":"C:\\open-source\\marko-starter-kit\\node_modules\\babel-loader\\lib\\index.js!C:\\open-source\\marko-starter-kit\\src\\server.js","issuerId":20,"issuerName":"./src/server.js","failed":false,"errors":0,"warnings":0,"reasons":[{"moduleId":20,"moduleIdentifier":"C:\\open-source\\marko-starter-kit\\node_modules\\babel-loader\\lib\\index.js!C:\\open-source\\marko-starter-kit\\src\\server.js","module":"./src/server.js","moduleName":"./src/server.js","type":"cjs require","userRequest":"marko/express","loc":"3:0-24"}],"usedExports":true,"providedExports":null,"depth":1},{"id":17,"identifier":"external \"path\"","name":"external \"path\"","index":4,"index2":3,"size":42,"cacheable":false,"built":false,"optional":false,"prefetched":false,"chunks":[0],"assets":[],"issuer":"C:\\open-source\\marko-starter-kit\\node_modules\\babel-loader\\lib\\index.js!C:\\open-source\\marko-starter-kit\\src\\server.js","issuerId":20,"issuerName":"./src/server.js","failed":false,"errors":0,"warnings":0,"reasons":[{"moduleId":20,"moduleIdentifier":"C:\\open-source\\marko-starter-kit\\node_modules\\babel-loader\\lib\\index.js!C:\\open-source\\marko-starter-kit\\src\\server.js","module":"./src/server.js","moduleName":"./src/server.js","type":"cjs require","userRequest":"path","loc":"13:12-27"}],"usedExports":true,"providedExports":null,"depth":1},{"id":18,"identifier":"C:\\open-source\\marko-starter-kit\\node_modules\\babel-loader\\lib\\index.js!C:\\open-source\\marko-starter-kit\\src\\routes\\home\\components\\app-main\\component.js","name":"./src/routes/home/components/app-main/component.js","index":20,"index2":16,"size":1333,"cacheable":true,"built":true,"optional":false,"prefetched":false,"chunks":[0],"assets":[],"issuer":"C:\\open-source\\marko-starter-kit\\tools\\loaders\\marko-loader.js!C:\\open-source\\marko-starter-kit\\src\\routes\\home\\components\\app-main\\index.marko","issuerId":24,"issuerName":"./src/routes/home/components/app-main/index.marko","failed":false,"errors":0,"warnings":0,"reasons":[{"moduleId":24,"moduleIdentifier":"C:\\open-source\\marko-starter-kit\\tools\\loaders\\marko-loader.js!C:\\open-source\\marko-starter-kit\\src\\routes\\home\\components\\app-main\\index.marko","module":"./src/routes/home/components/app-main/index.marko","moduleName":"./src/routes/home/components/app-main/index.marko","type":"cjs require","userRequest":"./component","loc":"10:22-44"}],"usedExports":true,"providedExports":null,"depth":4,"source":"'use strict';\n\nObject.defineProperty(exports, \"__esModule\", {\n  value: true\n});\n\nvar _createClass = function () { function defineProperties(target, props) { for (var i = 0; i < props.length; i++) { var descriptor = props[i]; descriptor.enumerable = descriptor.enumerable || false; descriptor.configurable = true; if (\"value\" in descriptor) descriptor.writable = true; Object.defineProperty(target, descriptor.key, descriptor); } } return function (Constructor, protoProps, staticProps) { if (protoProps) defineProperties(Constructor.prototype, protoProps); if (staticProps) defineProperties(Constructor, staticProps); return Constructor; }; }();\n\nfunction _classCallCheck(instance, Constructor) { if (!(instance instanceof Constructor)) { throw new TypeError(\"Cannot call a class as a function\"); } }\n\nvar Home = function () {\n  function Home() {\n    _classCallCheck(this, Home);\n  }\n\n  _createClass(Home, [{\n    key: 'onCreate',\n    value: function onCreate(input) {}\n  }, {\n    key: 'onMount',\n    value: function onMount() {}\n  }, {\n    key: 'onRender',\n    value: function onRender() {}\n  }, {\n    key: 'onUpdate',\n    value: function onUpdate() {}\n  }, {\n    key: 'showAlert',\n    value: function showAlert() {\n      alert('hello');\n    }\n  }]);\n\n  return Home;\n}();\n\nexports.default = Home;\nmodule.exports = exports['default'];"},{"id":19,"identifier":"C:\\open-source\\marko-starter-kit\\node_modules\\babel-loader\\lib\\index.js!C:\\open-source\\marko-starter-kit\\src\\routes\\test\\components\\app-main\\component.js","name":"./src/routes/test/components/app-main/component.js","index":28,"index2":24,"size":2255,"cacheable":true,"built":true,"optional":false,"prefetched":false,"chunks":[0],"assets":[],"issuer":"C:\\open-source\\marko-starter-kit\\tools\\loaders\\marko-loader.js!C:\\open-source\\marko-starter-kit\\src\\routes\\test\\components\\app-main\\index.marko","issuerId":27,"issuerName":"./src/routes/test/components/app-main/index.marko","failed":false,"errors":0,"warnings":0,"reasons":[{"moduleId":27,"moduleIdentifier":"C:\\open-source\\marko-starter-kit\\tools\\loaders\\marko-loader.js!C:\\open-source\\marko-starter-kit\\src\\routes\\test\\components\\app-main\\index.marko","module":"./src/routes/test/components/app-main/index.marko","moduleName":"./src/routes/test/components/app-main/index.marko","type":"cjs require","userRequest":"./component","loc":"10:22-44"}],"usedExports":true,"providedExports":null,"depth":4,"source":"'use strict';\n\nObject.defineProperty(exports, \"__esModule\", {\n  value: true\n});\n\nvar _createClass = function () { function defineProperties(target, props) { for (var i = 0; i < props.length; i++) { var descriptor = props[i]; descriptor.enumerable = descriptor.enumerable || false; descriptor.configurable = true; if (\"value\" in descriptor) descriptor.writable = true; Object.defineProperty(target, descriptor.key, descriptor); } } return function (Constructor, protoProps, staticProps) { if (protoProps) defineProperties(Constructor.prototype, protoProps); if (staticProps) defineProperties(Constructor, staticProps); return Constructor; }; }();\n\nfunction _classCallCheck(instance, Constructor) { if (!(instance instanceof Constructor)) { throw new TypeError(\"Cannot call a class as a function\"); } }\n\n//import only in browser enviroment\nif (__BROWSER__) {\n  require('easy-pie-chart/dist/jquery.easypiechart');\n  require('toastr/toastr.scss');\n  var toastr = require('toastr');\n}\n\nvar Test = function () {\n  function Test() {\n    _classCallCheck(this, Test);\n  }\n\n  _createClass(Test, [{\n    key: 'onMount',\n    value: function onMount() {\n      $('.chart').easyPieChart({\n        easing: 'easeOutBounce',\n        onStep: function onStep(from, to, percent) {\n          $(this.el).find('.percent').text(Math.round(percent));\n        }\n      });\n\n      $('#btn').click(function () {\n        toastr.success('Have fun storming the castle!', 'Miracle Max Says');\n      });\n    }\n  }, {\n    key: 'onCreate',\n    value: function onCreate(input, out) {}\n  }, {\n    key: 'onRender',\n    value: function onRender() {}\n  }, {\n    key: 'onUpdate',\n    value: function onUpdate() {}\n  }, {\n    key: 'inc',\n    value: function inc() {\n      this.input = Object.assign({}, this.input, {\n        initCount: this.input.initCount + 1\n      });\n    }\n  }, {\n    key: 'dec',\n    value: function dec() {\n      this.input = Object.assign({}, this.input, {\n        initCount: this.input.initCount - 1\n      });\n    }\n  }, {\n    key: 'updateChart',\n    value: function updateChart() {\n      var chart = $('.chart').data('easyPieChart');\n      chart.update(Math.random() * 200 - 100);\n    }\n  }]);\n\n  return Test;\n}();\n\nexports.default = Test;\nmodule.exports = exports['default'];"},{"id":20,"identifier":"C:\\open-source\\marko-starter-kit\\node_modules\\babel-loader\\lib\\index.js!C:\\open-source\\marko-starter-kit\\src\\server.js","name":"./src/server.js","index":0,"index2":31,"size":1330,"cacheable":true,"built":true,"optional":false,"prefetched":false,"chunks":[0],"assets":[],"issuer":null,"issuerId":null,"issuerName":null,"failed":false,"errors":0,"warnings":0,"reasons":[],"usedExports":true,"providedExports":null,"depth":0,"source":"'use strict';\n\nrequire('marko/express');\n\nvar _express = require('express');\n\nvar _express2 = _interopRequireDefault(_express);\n\nvar _compression = require('compression');\n\nvar _compression2 = _interopRequireDefault(_compression);\n\nvar _path = require('path');\n\nvar _path2 = _interopRequireDefault(_path);\n\nvar _helmet = require('helmet');\n\nvar _helmet2 = _interopRequireDefault(_helmet);\n\nvar _context = require('./core/context');\n\nvar _context2 = _interopRequireDefault(_context);\n\nvar _config = require('../tools/config');\n\nvar _config2 = _interopRequireDefault(_config);\n\nfunction _interopRequireDefault(obj) { return obj && obj.__esModule ? obj : { default: obj }; }\n\nvar PORT = process.env.PORT || _config2.default.backendPort || 9000;\nvar app = (0, _express2.default)();\n\napp.use((0, _helmet2.default)());\napp.use((0, _compression2.default)());\n\napp.use(_express2.default.static(_path2.default.join(__dirname, 'public')));\n\napp.use(function (req, res, next) {\n  var context = new _context2.default();\n  context.user = {\n    name: 'foo',\n    email: 'xxx@xxx.com'\n  };\n  req.context = context;\n  next();\n});\n\napp.get('/', require('./routes/home'));\napp.get('/test', require('./routes/test'));\n\napp.listen(PORT, function (err) {\n  if (err) {\n    throw err;\n  }\n  console.log('Listening at http://localhost:' + PORT + '/');\n});"},{"id":21,"identifier":"C:\\open-source\\marko-starter-kit\\node_modules\\file-loader\\index.js??ref--3-0!C:\\open-source\\marko-starter-kit\\src\\routes\\home\\images\\img1.jpg","name":"./src/routes/home/images/img1.jpg","index":21,"index2":17,"size":63,"cacheable":true,"built":true,"optional":false,"prefetched":false,"chunks":[0],"assets":[],"issuer":"C:\\open-source\\marko-starter-kit\\tools\\loaders\\marko-loader.js!C:\\open-source\\marko-starter-kit\\src\\routes\\home\\components\\app-main\\index.marko","issuerId":24,"issuerName":"./src/routes/home/components/app-main/index.marko","failed":false,"errors":0,"warnings":0,"reasons":[{"moduleId":24,"moduleIdentifier":"C:\\open-source\\marko-starter-kit\\tools\\loaders\\marko-loader.js!C:\\open-source\\marko-starter-kit\\src\\routes\\home\\components\\app-main\\index.marko","module":"./src/routes/home/components/app-main/index.marko","moduleName":"./src/routes/home/components/app-main/index.marko","type":"cjs require","userRequest":"../../images/img1.jpg","loc":"11:11-43"}],"usedExports":true,"providedExports":null,"depth":4,"source":"module.exports = __webpack_public_path__ + \"img1-78e2a8ed.jpg\";"},{"id":22,"identifier":"C:\\open-source\\marko-starter-kit\\node_modules\\file-loader\\index.js??ref--3-0!C:\\open-source\\marko-starter-kit\\src\\routes\\test\\images\\img1.jpg","name":"./src/routes/test/images/img1.jpg","index":29,"index2":25,"size":63,"cacheable":true,"built":true,"optional":false,"prefetched":false,"chunks":[0],"assets":[],"issuer":"C:\\open-source\\marko-starter-kit\\tools\\loaders\\marko-loader.js!C:\\open-source\\marko-starter-kit\\src\\routes\\test\\components\\app-main\\index.marko","issuerId":27,"issuerName":"./src/routes/test/components/app-main/index.marko","failed":false,"errors":0,"warnings":0,"reasons":[{"moduleId":27,"moduleIdentifier":"C:\\open-source\\marko-starter-kit\\tools\\loaders\\marko-loader.js!C:\\open-source\\marko-starter-kit\\src\\routes\\test\\components\\app-main\\index.marko","module":"./src/routes/test/components/app-main/index.marko","moduleName":"./src/routes/test/components/app-main/index.marko","type":"cjs require","userRequest":"../../images/img1.jpg","loc":"11:11-43"}],"usedExports":true,"providedExports":null,"depth":4,"source":"module.exports = __webpack_public_path__ + \"img1-78e2a8ed.jpg\";"},{"id":23,"identifier":"C:\\open-source\\marko-starter-kit\\node_modules\\file-loader\\index.js??ref--3-0!C:\\open-source\\marko-starter-kit\\src\\routes\\test\\images\\img2.jpg","name":"./src/routes/test/images/img2.jpg","index":30,"index2":26,"size":63,"cacheable":true,"built":true,"optional":false,"prefetched":false,"chunks":[0],"assets":[],"issuer":"C:\\open-source\\marko-starter-kit\\tools\\loaders\\marko-loader.js!C:\\open-source\\marko-starter-kit\\src\\routes\\test\\components\\app-main\\index.marko","issuerId":27,"issuerName":"./src/routes/test/components/app-main/index.marko","failed":false,"errors":0,"warnings":0,"reasons":[{"moduleId":27,"moduleIdentifier":"C:\\open-source\\marko-starter-kit\\tools\\loaders\\marko-loader.js!C:\\open-source\\marko-starter-kit\\src\\routes\\test\\components\\app-main\\index.marko","module":"./src/routes/test/components/app-main/index.marko","moduleName":"./src/routes/test/components/app-main/index.marko","type":"cjs require","userRequest":"../../images/img2.jpg","loc":"12:11-43"}],"usedExports":true,"providedExports":null,"depth":4,"source":"module.exports = __webpack_public_path__ + \"img2-439a7235.jpg\";"},{"id":24,"identifier":"C:\\open-source\\marko-starter-kit\\tools\\loaders\\marko-loader.js!C:\\open-source\\marko-starter-kit\\src\\routes\\home\\components\\app-main\\index.marko","name":"./src/routes/home/components/app-main/index.marko","index":18,"index2":18,"size":1513,"cacheable":true,"built":true,"optional":false,"prefetched":false,"chunks":[0],"assets":[],"issuer":"C:\\open-source\\marko-starter-kit\\tools\\loaders\\marko-loader.js!C:\\open-source\\marko-starter-kit\\src\\routes\\home\\layout.marko","issuerId":25,"issuerName":"./src/routes/home/layout.marko","failed":false,"errors":0,"warnings":0,"reasons":[{"moduleId":25,"moduleIdentifier":"C:\\open-source\\marko-starter-kit\\tools\\loaders\\marko-loader.js!C:\\open-source\\marko-starter-kit\\src\\routes\\home\\layout.marko","module":"./src/routes/home/layout.marko","moduleName":"./src/routes/home/layout.marko","type":"require.resolve","userRequest":"./components/app-main/index.marko","loc":"12:43-95"}],"usedExports":true,"providedExports":null,"depth":3,"source":"// Compiled using marko@4.1.2 - DO NOT EDIT\n\"use strict\";\n\nvar marko_template = module.exports = require(\"marko/html\").t(__filename),\n    marko_components = require(\"marko/components\"),\n    marko_registerComponent = marko_components.rc,\n    marko_componentType = marko_registerComponent(\"/marko-starter-kit$1.0.0/src/routes/home/components/app-main/index.marko\", function() {\n      return module.exports;\n    }),\n    marko_component = require(\"./component\"),\n    img1 = require(\"../../images/img1.jpg\"),\n    marko_helpers = require(\"marko/runtime/html/helpers\"),\n    marko_attr = marko_helpers.a;\n\nfunction render(input, out, __component, component, state) {\n  var data = input;\n\n  out.w(\"<div class=\\\"container\\\"\" +\n    marko_attr(\"id\", __component.id) +\n    \"><div class=\\\"jumbotron\\\"><h1>Navbar example</h1><p class=\\\"lead\\\">This example is a quick exercise to illustrate how fixed to top navbar works. As you scroll, it will remain fixed to the top of your browser's viewport.</p><a class=\\\"btn btn-lg btn-primary\\\" href=\\\"javascript:;\\\" role=\\\"button\\\"\" +\n    marko_attr(\"data-_onclick\", __component.d(\"showAlert\"), false) +\n    \">Click me to show alert</a> </div></div>\");\n}\n\nmarko_template._ = marko_components.r(render, {\n    type: marko_componentType\n  }, marko_component);\n\nmarko_template.Component = marko_components.c(marko_component, marko_template._);\n\nmarko_template.meta = {\n    deps: [\n      \"./style.scss\",\n      {\n          type: \"require\",\n          path: \"./index.marko\"\n        }\n    ]\n  };\n"},{"id":25,"identifier":"C:\\open-source\\marko-starter-kit\\tools\\loaders\\marko-loader.js!C:\\open-source\\marko-starter-kit\\src\\routes\\home\\layout.marko","name":"./src/routes/home/layout.marko","index":9,"index2":20,"size":2300,"cacheable":true,"built":true,"optional":false,"prefetched":false,"chunks":[0],"assets":[],"issuer":"C:\\open-source\\marko-starter-kit\\node_modules\\babel-loader\\lib\\index.js!C:\\open-source\\marko-starter-kit\\src\\routes\\home\\index.js","issuerId":10,"issuerName":"./src/routes/home/index.js","failed":false,"errors":0,"warnings":0,"reasons":[{"moduleId":10,"moduleIdentifier":"C:\\open-source\\marko-starter-kit\\node_modules\\babel-loader\\lib\\index.js!C:\\open-source\\marko-starter-kit\\src\\routes\\home\\index.js","module":"./src/routes/home/index.js","moduleName":"./src/routes/home/index.js","type":"cjs require","userRequest":"./layout.marko","loc":"17:14-39"}],"usedExports":true,"providedExports":null,"depth":2,"source":"// Compiled using marko@4.1.2 - DO NOT EDIT\n\"use strict\";\n\nvar marko_template = module.exports = require(\"marko/html\").t(__filename),\n    marko_loadTemplate = require(\"marko/runtime/helper-loadTemplate\"),\n    default_template = marko_loadTemplate(require.resolve(\"../../layouts/default.marko\")),\n    marko_helpers = require(\"marko/runtime/html/helpers\"),\n    marko_escapeXmlAttr = marko_helpers.xa,\n    app_nav_template = marko_loadTemplate(require.resolve(\"../../components/app-nav/index.marko\")),\n    marko_loadTag = marko_helpers.t,\n    app_nav_tag = marko_loadTag(app_nav_template),\n    app_main_template = marko_loadTemplate(require.resolve(\"./components/app-main/index.marko\")),\n    app_main_tag = marko_loadTag(app_main_template),\n    app_footer_template = marko_loadTemplate(require.resolve(\"../../components/app-footer/index.marko\")),\n    app_footer_tag = marko_loadTag(app_footer_template),\n    include_tag = marko_loadTag(require(\"marko/taglibs/core/include-tag\"));\n\nfunction render(input, out) {\n  var data = input;\n\n  include_tag({\n      _target: default_template,\n      title: {\n          renderBody: function renderBody(out) {\n            out.w(\"Home Page\");\n          }\n        },\n      styles: {\n          renderBody: function renderBody(out) {\n            if ((input && input.assets) && input.assets.css) {\n              out.w(\"<link rel=\\\"stylesheet\\\" href=\\\"\" +\n                marko_escapeXmlAttr(input.assets.css) +\n                \"\\\">\");\n            }\n          }\n        },\n      scripts: {\n          renderBody: function renderBody(out) {\n            if ((input && input.assets) && input.assets.js) {\n              out.w(\"<script src=\\\"\" +\n                marko_escapeXmlAttr(input.assets.js) +\n                \"\\\"></script>\");\n            }\n          }\n        },\n      body: {\n          renderBody: function renderBody(out) {\n            app_nav_tag(input.user, out);\n\n            app_main_tag(input, out);\n\n            app_footer_tag({}, out);\n          }\n        }\n    }, out);\n}\n\nmarko_template._ = render;\n\nmarko_template.meta = {\n    tags: [\n      \"../../layouts/default.marko\",\n      \"../../components/app-nav/index.marko\",\n      \"./components/app-main/index.marko\",\n      \"../../components/app-footer/index.marko\",\n      \"marko/taglibs/core/include-tag\"\n    ]\n  };\n"},{"id":26,"identifier":"C:\\open-source\\marko-starter-kit\\tools\\loaders\\marko-loader.js!C:\\open-source\\marko-starter-kit\\src\\routes\\test\\components\\app-counter\\index.marko","name":"./src/routes/test/components/app-counter/index.marko","index":31,"index2":27,"size":438,"cacheable":true,"built":true,"optional":false,"prefetched":false,"chunks":[0],"assets":[],"issuer":"C:\\open-source\\marko-starter-kit\\tools\\loaders\\marko-loader.js!C:\\open-source\\marko-starter-kit\\src\\routes\\test\\components\\app-main\\index.marko","issuerId":27,"issuerName":"./src/routes/test/components/app-main/index.marko","failed":false,"errors":0,"warnings":0,"reasons":[{"moduleId":27,"moduleIdentifier":"C:\\open-source\\marko-starter-kit\\tools\\loaders\\marko-loader.js!C:\\open-source\\marko-starter-kit\\src\\routes\\test\\components\\app-main\\index.marko","module":"./src/routes/test/components/app-main/index.marko","moduleName":"./src/routes/test/components/app-main/index.marko","type":"require.resolve","userRequest":"../app-counter/index.marko","loc":"17:46-91"}],"usedExports":true,"providedExports":null,"depth":4,"source":"// Compiled using marko@4.1.2 - DO NOT EDIT\n\"use strict\";\n\nvar marko_template = module.exports = require(\"marko/html\").t(__filename),\n    marko_helpers = require(\"marko/runtime/html/helpers\"),\n    marko_escapeXml = marko_helpers.x;\n\nfunction render(input, out) {\n  var data = input;\n\n  out.w(\"<div>Counter in child component: <b>\" +\n    marko_escapeXml(input) +\n    \"</b></div>\");\n}\n\nmarko_template._ = render;\n\nmarko_template.meta = {};\n"},{"id":27,"identifier":"C:\\open-source\\marko-starter-kit\\tools\\loaders\\marko-loader.js!C:\\open-source\\marko-starter-kit\\src\\routes\\test\\components\\app-main\\index.marko","name":"./src/routes/test/components/app-main/index.marko","index":27,"index2":28,"size":3696,"cacheable":true,"built":true,"optional":false,"prefetched":false,"chunks":[0],"assets":[],"issuer":"C:\\open-source\\marko-starter-kit\\tools\\loaders\\marko-loader.js!C:\\open-source\\marko-starter-kit\\src\\routes\\test\\layout.marko","issuerId":28,"issuerName":"./src/routes/test/layout.marko","failed":false,"errors":0,"warnings":0,"reasons":[{"moduleId":28,"moduleIdentifier":"C:\\open-source\\marko-starter-kit\\tools\\loaders\\marko-loader.js!C:\\open-source\\marko-starter-kit\\src\\routes\\test\\layout.marko","module":"./src/routes/test/layout.marko","moduleName":"./src/routes/test/layout.marko","type":"require.resolve","userRequest":"./components/app-main/index.marko","loc":"12:43-95"}],"usedExports":true,"providedExports":null,"depth":3,"source":"// Compiled using marko@4.1.2 - DO NOT EDIT\n\"use strict\";\n\nvar marko_template = module.exports = require(\"marko/html\").t(__filename),\n    marko_components = require(\"marko/components\"),\n    marko_registerComponent = marko_components.rc,\n    marko_componentType = marko_registerComponent(\"/marko-starter-kit$1.0.0/src/routes/test/components/app-main/index.marko\", function() {\n      return module.exports;\n    }),\n    marko_component = require(\"./component\"),\n    img1 = require(\"../../images/img1.jpg\"),\n    img2 = require(\"../../images/img2.jpg\"),\n    marko_helpers = require(\"marko/runtime/html/helpers\"),\n    marko_escapeXmlAttr = marko_helpers.xa,\n    marko_escapeXml = marko_helpers.x,\n    marko_loadTemplate = require(\"marko/runtime/helper-loadTemplate\"),\n    app_counter_template = marko_loadTemplate(require.resolve(\"../app-counter/index.marko\")),\n    marko_loadTag = marko_helpers.t,\n    app_counter_tag = marko_loadTag(app_counter_template),\n    marko_attr = marko_helpers.a;\n\nfunction render(input, out, __component, component, state) {\n  var data = input;\n\n  out.w(\"<div class=\\\"container\\\"\" +\n    marko_attr(\"id\", __component.id) +\n    \"><div class=\\\"row\\\"><div class=\\\"col-md-12\\\"><h1>Marko4 + Webpack2 + Babel6 <small>Support ES6</small></h1></div><div class=\\\"col-md-12\\\"><h2>1. Test import image in marko file</h2><img src=\\\"\" +\n    marko_escapeXmlAttr(img2) +\n    \"\\\" class=\\\"img-responsive\\\"></div><div class=\\\"col-md-12\\\"><h2>2. Test background</h2><div class=\\\"test-background\\\"></div></div><div class=\\\"col-md-12\\\"><h2>3. Test vdom</h2><div>Counter in current template: <b>\" +\n    marko_escapeXml(input.initCount) +\n    \"</b></div>\");\n\n  app_counter_tag(input.initCount, out);\n\n  if (!input.hideBtn) {\n    out.w(\"<div class=\\\"btn-group\\\" role=\\\"group\\\" aria-label=\\\"...\\\"><button type=\\\"button\\\" class=\\\"btn btn-default\\\"\" +\n      marko_attr(\"data-_onclick\", __component.d(\"inc\"), false) +\n      \">+</button><button type=\\\"button\\\" class=\\\"btn btn-default\\\"\" +\n      marko_attr(\"data-_onclick\", __component.d(\"dec\"), false) +\n      \">-</button></div>\");\n  }\n\n  out.w(\"</div><div class=\\\"col-md-12\\\"><h2>4. Test integrate jquery plugin</h2><span class=\\\"chart\\\" data-percent=\\\"86\\\"><span class=\\\"percent\\\"></span></span><span class=\\\"btn btn-default\\\"\" +\n    marko_attr(\"data-_onclick\", __component.d(\"updateChart\"), false) +\n    \">Update chart</span></div><div class=\\\"col-md-12\\\"><h2>5. Test icon font</h2><span class=\\\"glyphicon glyphicon-heart\\\" style=\\\"font-size:80px\\\"></span><p>glyphicon glyphicon-heart</p></div><div class=\\\"col-md-12\\\"><h2>6. Test plain javascript library</h2><a class=\\\"btn btn-default\\\" href=\\\"javascript:;\\\" role=\\\"button\\\" id=\\\"btn\\\">Click me to show alert</a></div></div></div>\");\n}\n\nmarko_template._ = marko_components.r(render, {\n    type: marko_componentType\n  }, marko_component);\n\nmarko_template.Component = marko_components.c(marko_component, marko_template._);\n\nmarko_template.meta = {\n    deps: [\n      \"./style.scss\",\n      {\n          type: \"scss\",\n          code: \".chart {\\r\\n  position: relative;\\r\\n  display: inline-block;\\r\\n  width: 110px;\\r\\n  height: 110px;\\r\\n  margin-top: 50px;\\r\\n  margin-bottom: 50px;\\r\\n  text-align: center;\\r\\n}\\r\\n.chart canvas {\\r\\n  position: absolute;\\r\\n  top: 0;\\r\\n  left: 0;\\r\\n}\\r\\n.percent {\\r\\n  display: inline-block;\\r\\n  line-height: 110px;\\r\\n  z-index: 2;\\r\\n}\\r\\n.percent:after {\\r\\n  content: '%';\\r\\n  margin-left: 0.1em;\\r\\n  font-size: .8em;\\r\\n}\",\n          virtualPath: \"./index.marko.scss\",\n          path: \"./index.marko\"\n        },\n      {\n          type: \"require\",\n          path: \"./index.marko\"\n        }\n    ],\n    tags: [\n      \"../app-counter/index.marko\"\n    ]\n  };\n"},{"id":28,"identifier":"C:\\open-source\\marko-starter-kit\\tools\\loaders\\marko-loader.js!C:\\open-source\\marko-starter-kit\\src\\routes\\test\\layout.marko","name":"./src/routes/test/layout.marko","index":26,"index2":29,"size":2301,"cacheable":true,"built":true,"optional":false,"prefetched":false,"chunks":[0],"assets":[],"issuer":"C:\\open-source\\marko-starter-kit\\node_modules\\babel-loader\\lib\\index.js!C:\\open-source\\marko-starter-kit\\src\\routes\\test\\index.js","issuerId":11,"issuerName":"./src/routes/test/index.js","failed":false,"errors":0,"warnings":0,"reasons":[{"moduleId":11,"moduleIdentifier":"C:\\open-source\\marko-starter-kit\\node_modules\\babel-loader\\lib\\index.js!C:\\open-source\\marko-starter-kit\\src\\routes\\test\\index.js","module":"./src/routes/test/index.js","moduleName":"./src/routes/test/index.js","type":"cjs require","userRequest":"./layout.marko","loc":"17:14-39"}],"usedExports":true,"providedExports":null,"depth":2,"source":"// Compiled using marko@4.1.2 - DO NOT EDIT\n\"use strict\";\n\nvar marko_template = module.exports = require(\"marko/html\").t(__filename),\n    marko_loadTemplate = require(\"marko/runtime/helper-loadTemplate\"),\n    default_template = marko_loadTemplate(require.resolve(\"../../layouts/default.marko\")),\n    marko_helpers = require(\"marko/runtime/html/helpers\"),\n    marko_escapeXmlAttr = marko_helpers.xa,\n    app_nav_template = marko_loadTemplate(require.resolve(\"../../components/app-nav/index.marko\")),\n    marko_loadTag = marko_helpers.t,\n    app_nav_tag = marko_loadTag(app_nav_template),\n    app_main_template = marko_loadTemplate(require.resolve(\"./components/app-main/index.marko\")),\n    app_main_tag = marko_loadTag(app_main_template),\n    app_footer_template = marko_loadTemplate(require.resolve(\"../../components/app-footer/index.marko\")),\n    app_footer_tag = marko_loadTag(app_footer_template),\n    include_tag = marko_loadTag(require(\"marko/taglibs/core/include-tag\"));\n\nfunction render(input, out) {\n  var data = input;\n\n  include_tag({\n      _target: default_template,\n      title: {\n          renderBody: function renderBody(out) {\n            out.w(\"About page\");\n          }\n        },\n      styles: {\n          renderBody: function renderBody(out) {\n            if ((input && input.assets) && input.assets.css) {\n              out.w(\"<link rel=\\\"stylesheet\\\" href=\\\"\" +\n                marko_escapeXmlAttr(input.assets.css) +\n                \"\\\">\");\n            }\n          }\n        },\n      scripts: {\n          renderBody: function renderBody(out) {\n            if ((input && input.assets) && input.assets.js) {\n              out.w(\"<script src=\\\"\" +\n                marko_escapeXmlAttr(input.assets.js) +\n                \"\\\"></script>\");\n            }\n          }\n        },\n      body: {\n          renderBody: function renderBody(out) {\n            app_nav_tag(input.user, out);\n\n            app_main_tag(input, out);\n\n            app_footer_tag({}, out);\n          }\n        }\n    }, out);\n}\n\nmarko_template._ = render;\n\nmarko_template.meta = {\n    tags: [\n      \"../../layouts/default.marko\",\n      \"../../components/app-nav/index.marko\",\n      \"./components/app-main/index.marko\",\n      \"../../components/app-footer/index.marko\",\n      \"marko/taglibs/core/include-tag\"\n    ]\n  };\n"},{"id":29,"identifier":"external \"./assets.json\"","name":"external \"./assets.json\"","index":24,"index2":21,"size":42,"cacheable":false,"built":false,"optional":false,"prefetched":false,"chunks":[0],"assets":[],"issuer":"C:\\open-source\\marko-starter-kit\\node_modules\\babel-loader\\lib\\index.js!C:\\open-source\\marko-starter-kit\\src\\assets-loader.js","issuerId":4,"issuerName":"./src/assets-loader.js","failed":false,"errors":0,"warnings":0,"reasons":[{"moduleId":4,"moduleIdentifier":"C:\\open-source\\marko-starter-kit\\node_modules\\babel-loader\\lib\\index.js!C:\\open-source\\marko-starter-kit\\src\\assets-loader.js","module":"./src/assets-loader.js","moduleName":"./src/assets-loader.js","type":"cjs require","userRequest":"./assets.json","loc":"7:14-38"}],"usedExports":true,"providedExports":null,"depth":3},{"id":30,"identifier":"external \"marko/components/taglib/init-components-tag\"","name":"external \"marko/components/taglib/init-components-tag\"","index":16,"index2":12,"size":42,"cacheable":false,"built":false,"optional":false,"prefetched":false,"chunks":[0],"assets":[],"issuer":"C:\\open-source\\marko-starter-kit\\tools\\loaders\\marko-loader.js!C:\\open-source\\marko-starter-kit\\src\\layouts\\default.marko","issuerId":7,"issuerName":"./src/layouts/default.marko","failed":false,"errors":0,"warnings":0,"reasons":[{"moduleId":7,"moduleIdentifier":"C:\\open-source\\marko-starter-kit\\tools\\loaders\\marko-loader.js!C:\\open-source\\marko-starter-kit\\src\\layouts\\default.marko","module":"./src/layouts/default.marko","moduleName":"./src/layouts/default.marko","type":"cjs require","userRequest":"marko/components/taglib/init-components-tag","loc":"9:40-94"}],"usedExports":true,"providedExports":null,"depth":4},{"id":31,"identifier":"external \"marko/taglibs/async/await-reorderer-tag\"","name":"external \"marko/taglibs/async/await-reorderer-tag\"","index":15,"index2":11,"size":42,"cacheable":false,"built":false,"optional":false,"prefetched":false,"chunks":[0],"assets":[],"issuer":"C:\\open-source\\marko-starter-kit\\tools\\loaders\\marko-loader.js!C:\\open-source\\marko-starter-kit\\src\\layouts\\default.marko","issuerId":7,"issuerName":"./src/layouts/default.marko","failed":false,"errors":0,"warnings":0,"reasons":[{"moduleId":7,"moduleIdentifier":"C:\\open-source\\marko-starter-kit\\tools\\loaders\\marko-loader.js!C:\\open-source\\marko-starter-kit\\src\\layouts\\default.marko","module":"./src/layouts/default.marko","moduleName":"./src/layouts/default.marko","type":"cjs require","userRequest":"marko/taglibs/async/await-reorderer-tag","loc":"8:40-90"}],"usedExports":true,"providedExports":null,"depth":4}],"filteredModules":0,"children":[]}